﻿<?xml version="1.0" encoding="utf-8"?>
<extension version="1.6" type="module" client="site" method="upgrade">
	<name>ChronoForms</name>
	<author>ChronoEngine.com</author>
	<creationDate>08.Nov.2013</creationDate>
	<copyright>Copyright (C) 2006 - 2011 ChronoEngine.com. All rights reserved.</copyright>
	<license>Same as Chronoforms License</license>
	<authorEmail>webmaster@chronoengine.com</authorEmail>
	<authorUrl>www.chronoengine.com</authorUrl>
	<version>V4.0.3</version>
	<description>Show a Chronoform, works on J3.x and with ChronoForms V4</description>
	<files>
		<filename module="mod_chronoforms">mod_chronoforms.php</filename>
		<filename>helper.php</filename>
		<filename>index.html</filename>
		<filename>tmpl/default.php</filename>
		<filename>tmpl/index.html</filename>
	</files>
	<config>
		<fields name="params">
			<fieldset name="basic">
				<field name="cache" type="list" default="0" label="Caching" description="Select whether to cache the content of this module">
					<option value="0">Never</option>
				</field>
				<field name="chronoform" type="text" default="" label="Form Name" description="Add form name to be shown" />
				<field name="moduleclass_sfx" type="text" default="" label="Module Class Suffix" description="PARAMMODULECLASSSUFFIX" />
			</fieldset>
		</fields>
	</config>
</extension>